Customer_id,First_name,Last_name,Address
1,John,Davis,Address_1
2,Bob,Doe,Address_2
3,Jane,Brown,Address_3
4,Bob,Davis,Address_4
5,John,Smith,Address_5
6,Alice,Smith,Address_6
7,Alice,Davis,Address_7
8,Bob,Doe,Address_8
9,John,Smith,Address_9
10,Jane,Brown,Address_10
11,John,Davis,Address_11
12,John,Smith,Address_12
13,John,Davis,Address_13
14,John,Smith,Address_14
15,Bob,Brown,Address_15
16,Alice,Davis,Address_16
17,Bob,Davis,Address_17
18,Jane,Davis,Address_18
19,Jane,Davis,Address_19
20,Jane,Smith,Address_20
21,John,Brown,Address_21
22,Bob,Brown,Address_22
23,Alice,Doe,Address_23
24,Alice,Brown,Address_24
25,Bob,Smith,Address_25
26,Bob,Davis,Address_26
27,Alice,Brown,Address_27
28,Bob,Davis,Address_28
29,Alice,Smith,Address_29
30,Jane,Davis,Address_30
31,Jane,Davis,Address_31
32,John,Brown,Address_32
33,Bob,Davis,Address_33
34,Bob,Smith,Address_34
35,Bob,Doe,Address_35
36,Jane,Brown,Address_36
37,John,Davis,Address_37
38,John,Davis,Address_38
39,John,Smith,Address_39
40,Bob,Smith,Address_40
41,John,Davis,Address_41
42,Alice,Brown,Address_42
43,Bob,Doe,Address_43
44,Alice,Davis,Address_44
45,Alice,Davis,Address_45
46,John,Doe,Address_46
47,Jane,Brown,Address_47
48,Jane,Doe,Address_48
49,Bob,Doe,Address_49
50,John,Davis,Address_50
